{
  "id": "foundcloud",
  "title": "FoundCloud",
  "description": "Sync DiceCloud V2 characters to Foundry VTT via Supabase cloud sync. Import your DiceCloud characters directly into Foundry with all stats, skills, and abilities. Works with the CarmaClouds browser extension.",
  "version": "2.3.2",
  "authors": [
    {
      "name": "CarmaNayeli",
      "discord": "Carmabella"
    }
  ],
  "compatibility": {
    "minimum": "11",
    "verified": "13",
    "maximum": "13"
  },
  "esmodules": [
    "scripts/foundcloud.js"
  ],
  "styles": [
    "styles/foundcloud.css",
    "styles/foundcloud-sheet.css",
    "styles/foundcloud-sheet-simple.css",
    "styles/foundcloud-side-tab.css"
  ],
  "languages": [
    {
      "lang": "en",
      "name": "English",
      "path": "lang/en.json"
    }
  ],
  "media": [
    {
      "type": "icon",
      "url": "foundcloud-logo.png"
    }
  ],
  "relationships": {
    "systems": [
      {
        "id": "dnd5e",
        "type": "system",
        "compatibility": {}
      }
    ]
  },
  "url": "https://carmaclouds.vercel.app",
  "manifest": "https://carmaclouds.vercel.app/foundry-module/module.json",
  "download": "https://carmaclouds.vercel.app/foundry-module.zip",
  "license": "LICENSE",
  "readme": "README.md",
  "bugs": "https://carmaclouds.vercel.app",
  "changelog": "https://carmaclouds.vercel.app"
}
