{
  "id": "foundcloud",
  "title": "FoundCloud",
  "description": "Sync DiceCloud V2 characters to Foundry VTT via Supabase cloud sync. Includes a custom character sheet with combat tracking, action economy, and more. Works with the FoundCloud browser extension.",
  "version": "2.2.1",
  "authors": [
    {
      "name": "CarmaNayeli",
      "discord": "Carmabella"
    }
  ],
  "compatibility": {
    "minimum": "11",
    "verified": "12",
    "maximum": "12"
  },
  "esmodules": [
    "scripts/foundcloud.js"
  ],
  "styles": [
    "styles/foundcloud.css",
    "styles/foundcloud-sheet.css"
  ],
  "languages": [
    {
      "lang": "en",
      "name": "English",
      "path": "lang/en.json"
    }
  ],
  "relationships": {
    "systems": [
      {
        "id": "dnd5e",
        "type": "system",
        "compatibility": {
          "minimum": "2.0.0"
        }
      }
    ]
  },
  "url": "https://github.com/CarmaNayeli/foundCloud",
  "manifest": "https://raw.githubusercontent.com/CarmaNayeli/foundCloud/main/foundry-module/module.json",
  "download": "https://github.com/CarmaNayeli/foundCloud/releases/latest/download/foundcloud.zip",
  "license": "LICENSE",
  "readme": "README.md",
  "bugs": "https://github.com/CarmaNayeli/foundCloud/issues",
  "changelog": "https://github.com/CarmaNayeli/foundCloud/releases"
}
